split0_test_rmse,split1_test_rmse,split2_test_rmse,mean_test_rmse,std_test_rmse,rank_test_rmse,split0_test_mae,split1_test_mae,split2_test_mae,mean_test_mae,std_test_mae,rank_test_mae,mean_fit_time,std_fit_time,mean_test_time,std_test_time,params,param_bsl_options,param_k,param_min_k,param_random_state,param_sim_options
0.9481541964759452,0.9434033049506872,0.9443757523583326,0.9453110845949882,0.002049207548604685,1,0.6840043872562033,0.6811841122583417,0.6828148556529747,0.6826677850558399,0.0011560594235871275,3,25.691168228785198,0.7063104176213703,23.868770996729534,0.06800608068278158,"{'bsl_options': {'method': 'sgd'}, 'k': 40, 'min_k': 20, 'random_state': 42, 'sim_options': {'name': 'pearson_baseline', 'min_support': 5, 'shrinkage': 100, 'user_based': True}}",{'method': 'sgd'},40,20,42,"{'name': 'pearson_baseline', 'min_support': 5, 'shrinkage': 100, 'user_based': True}"
0.9481462996974487,0.9434066567289945,0.9443819625102625,0.9453116396455686,0.0020435717994135433,2,0.6839905449148507,0.6811759844579969,0.6828127969791254,0.6826597754506577,0.001154122850899397,2,25.694307645161945,0.4343849253847662,23.44835050900777,0.2275220994931576,"{'bsl_options': {'method': 'sgd'}, 'k': 35, 'min_k': 20, 'random_state': 42, 'sim_options': {'name': 'pearson_baseline', 'min_support': 5, 'shrinkage': 100, 'user_based': True}}",{'method': 'sgd'},35,20,42,"{'name': 'pearson_baseline', 'min_support': 5, 'shrinkage': 100, 'user_based': True}"
0.9481474686241147,0.9434100727292276,0.9443803443404599,0.9453126285646007,0.002043297232768587,3,0.683976406797195,0.6811672742838589,0.682791975710128,0.6826452189303941,0.001151509019698015,1,26.553352514902752,0.12712542916295624,23.412285963694256,0.05437626283026882,"{'bsl_options': {'method': 'sgd'}, 'k': 30, 'min_k': 20, 'random_state': 42, 'sim_options': {'name': 'pearson_baseline', 'min_support': 5, 'shrinkage': 100, 'user_based': True}}",{'method': 'sgd'},30,20,42,"{'name': 'pearson_baseline', 'min_support': 5, 'shrinkage': 100, 'user_based': True}"
0.9481561546554974,0.9434066435272898,0.9443809818560671,0.9453145933462848,0.0020482816863966547,4,0.6840137196462135,0.6811938155703918,0.6828269712360601,0.6826781688175552,0.0011560194257374745,4,25.86475070317586,0.8302428678904039,24.26003400484721,0.14863737252046733,"{'bsl_options': {'method': 'sgd'}, 'k': 45, 'min_k': 20, 'random_state': 42, 'sim_options': {'name': 'pearson_baseline', 'min_support': 5, 'shrinkage': 100, 'user_based': True}}",{'method': 'sgd'},45,20,42,"{'name': 'pearson_baseline', 'min_support': 5, 'shrinkage': 100, 'user_based': True}"
0.9481590904720628,0.9434119270521795,0.9443828420421088,0.9453179531887838,0.0020477165780850314,5,0.6840217866479458,0.6812013415596789,0.6828325552812354,0.6826852278296202,0.0011561449325183392,5,26.718433380126953,0.17610945474470696,24.50296672185262,0.24462279672366963,"{'bsl_options': {'method': 'sgd'}, 'k': 50, 'min_k': 20, 'random_state': 42, 'sim_options': {'name': 'pearson_baseline', 'min_support': 5, 'shrinkage': 100, 'user_based': True}}",{'method': 'sgd'},50,20,42,"{'name': 'pearson_baseline', 'min_support': 5, 'shrinkage': 100, 'user_based': True}"
0.9481871460657398,0.9435035804561408,0.9444358166668687,0.9453755143962498,0.002024223402000162,6,0.684213114538678,0.6814409336440967,0.6830169782421541,0.682890342141643,0.0011352750781300437,10,26.01561991373698,0.6986488162416241,24.820318301518757,0.1561304376348664,"{'bsl_options': {'method': 'sgd'}, 'k': 50, 'min_k': 20, 'random_state': 42, 'sim_options': {'name': 'pearson_baseline', 'min_support': 5, 'shrinkage': 0, 'user_based': True}}",{'method': 'sgd'},50,20,42,"{'name': 'pearson_baseline', 'min_support': 5, 'shrinkage': 0, 'user_based': True}"
0.9481866023706307,0.9435004185981295,0.9444404636523656,0.9453758282070419,0.002024229849436081,7,0.6842099139838349,0.6814362926347831,0.6830179543702259,0.682888053662948,0.0011360456247564634,9,26.497772296269734,0.4176885375487293,24.20133860905965,0.11393303706382837,"{'bsl_options': {'method': 'sgd'}, 'k': 45, 'min_k': 20, 'random_state': 42, 'sim_options': {'name': 'pearson_baseline', 'min_support': 5, 'shrinkage': 0, 'user_based': True}}",{'method': 'sgd'},45,20,42,"{'name': 'pearson_baseline', 'min_support': 5, 'shrinkage': 0, 'user_based': True}"
0.9481883171111879,0.9435027239951688,0.9444400091464143,0.9453770167509238,0.0020243819057352923,8,0.6842079760200213,0.6814336681790256,0.6830171936366508,0.6828862792785659,0.0011363831296462938,8,26.54768665631612,0.17020637878872708,23.774076064427693,0.052110685783713556,"{'bsl_options': {'method': 'sgd'}, 'k': 40, 'min_k': 20, 'random_state': 42, 'sim_options': {'name': 'pearson_baseline', 'min_support': 5, 'shrinkage': 0, 'user_based': True}}",{'method': 'sgd'},40,20,42,"{'name': 'pearson_baseline', 'min_support': 5, 'shrinkage': 0, 'user_based': True}"
0.9481931938979626,0.9435078442690914,0.9444484078110902,0.9453831486593813,0.0020237639233680574,9,0.6842016791412253,0.6814326225564371,0.6830149095907054,0.682883070429456,0.0011343000090419822,6,25.856394449869793,0.2712483511302313,23.701019605000813,0.21611633644092826,"{'bsl_options': {'method': 'sgd'}, 'k': 35, 'min_k': 20, 'random_state': 42, 'sim_options': {'name': 'pearson_baseline', 'min_support': 5, 'shrinkage': 0, 'user_based': True}}",{'method': 'sgd'},35,20,42,"{'name': 'pearson_baseline', 'min_support': 5, 'shrinkage': 0, 'user_based': True}"
0.9482045940122222,0.9435146221061401,0.944459487274102,0.9453929011308215,0.0020252415807991532,10,0.6842001604562173,0.6814332053501291,0.6830169935650289,0.6828834531237917,0.0011335445666466849,7,25.40518856048584,0.7426691463831527,22.944913148880005,0.3037402841225819,"{'bsl_options': {'method': 'sgd'}, 'k': 30, 'min_k': 20, 'random_state': 42, 'sim_options': {'name': 'pearson_baseline', 'min_support': 5, 'shrinkage': 0, 'user_based': True}}",{'method': 'sgd'},30,20,42,"{'name': 'pearson_baseline', 'min_support': 5, 'shrinkage': 0, 'user_based': True}"
0.9484734049204337,0.9437872213287034,0.944594623615344,0.9456184166214937,0.0020455143205612156,11,0.684595937906539,0.6818081295646626,0.6833298561666353,0.6832446412126124,0.0011397119604095274,13,26.375356833140057,0.06975412899535133,24.339460134506226,0.08652730386514636,"{'bsl_options': {'method': 'sgd'}, 'k': 40, 'min_k': 25, 'random_state': 42, 'sim_options': {'name': 'pearson_baseline', 'min_support': 5, 'shrinkage': 100, 'user_based': True}}",{'method': 'sgd'},40,25,42,"{'name': 'pearson_baseline', 'min_support': 5, 'shrinkage': 100, 'user_based': True}"
0.9484655107996178,0.9437905717435702,0.9446008323283343,0.9456189716238407,0.0020398071008849166,12,0.6845820955651869,0.6818000017643173,0.683327797492786,0.68323663160743,0.0011376129667564994,12,25.894543329874676,0.5549479309268683,23.62541349728902,0.02990764817707151,"{'bsl_options': {'method': 'sgd'}, 'k': 35, 'min_k': 25, 'random_state': 42, 'sim_options': {'name': 'pearson_baseline', 'min_support': 5, 'shrinkage': 100, 'user_based': True}}",{'method': 'sgd'},35,25,42,"{'name': 'pearson_baseline', 'min_support': 5, 'shrinkage': 100, 'user_based': True}"
0.9484666793328757,0.9437939863542479,0.9445992145334721,0.9456199600735319,0.0020396006163451363,13,0.6845679574475306,0.6817912915901794,0.6833069762237886,0.6832220750871661,0.0011351576903951496,11,25.501534541447956,0.5225188458692495,23.115894714991253,0.12858898274420574,"{'bsl_options': {'method': 'sgd'}, 'k': 30, 'min_k': 25, 'random_state': 42, 'sim_options': {'name': 'pearson_baseline', 'min_support': 5, 'shrinkage': 100, 'user_based': True}}",{'method': 'sgd'},30,25,42,"{'name': 'pearson_baseline', 'min_support': 5, 'shrinkage': 100, 'user_based': True}"
0.9484753624409624,0.9437905585472354,0.9445998519013624,0.9456219242965201,0.0020445571429819074,14,0.6846052702965492,0.6818178328767126,0.6833419717497208,0.6832550249743274,0.0011396261517678322,14,26.02425980567932,0.669074977248339,24.390416304270428,0.08560412640929146,"{'bsl_options': {'method': 'sgd'}, 'k': 45, 'min_k': 25, 'random_state': 42, 'sim_options': {'name': 'pearson_baseline', 'min_support': 5, 'shrinkage': 100, 'user_based': True}}",{'method': 'sgd'},45,25,42,"{'name': 'pearson_baseline', 'min_support': 5, 'shrinkage': 100, 'user_based': True}"
0.9484782972694868,0.9437958399229056,0.9446017116563875,0.9456252829495934,0.002044036096361708,15,0.6846133372982816,0.6818253588659998,0.6833475557948959,0.6832620839863924,0.0011397909186202156,15,26.2110120455424,0.9539004743411574,24.80855719248454,0.23374351253562772,"{'bsl_options': {'method': 'sgd'}, 'k': 50, 'min_k': 25, 'random_state': 42, 'sim_options': {'name': 'pearson_baseline', 'min_support': 5, 'shrinkage': 100, 'user_based': True}}",{'method': 'sgd'},50,25,42,"{'name': 'pearson_baseline', 'min_support': 5, 'shrinkage': 100, 'user_based': True}"
0.94848634058119,0.9438861105422504,0.9446565137893527,0.9456763216375976,0.002011721507945728,16,0.6847399413695839,0.6820363015790007,0.6834821478767396,0.6834194636084413,0.0011046459515534782,20,26.15272895495097,0.8202094311348398,24.90731469790141,0.28204584217236134,"{'bsl_options': {'method': 'sgd'}, 'k': 50, 'min_k': 25, 'random_state': 42, 'sim_options': {'name': 'pearson_baseline', 'min_support': 5, 'shrinkage': 0, 'user_based': True}}",{'method': 'sgd'},50,25,42,"{'name': 'pearson_baseline', 'min_support': 5, 'shrinkage': 0, 'user_based': True}"
0.9484857970575865,0.9438829499656541,0.9446611596891941,0.9456766355708116,0.0020116235213607464,17,0.684736740814741,0.6820316605696872,0.6834831240048107,0.6834171751297463,0.0011053285254127693,19,26.545725504557293,0.11096242172970246,24.01499144236247,0.04394942939638588,"{'bsl_options': {'method': 'sgd'}, 'k': 45, 'min_k': 25, 'random_state': 42, 'sim_options': {'name': 'pearson_baseline', 'min_support': 5, 'shrinkage': 0, 'user_based': True}}",{'method': 'sgd'},45,25,42,"{'name': 'pearson_baseline', 'min_support': 5, 'shrinkage': 0, 'user_based': True}"
0.9484875112572392,0.9438852544283778,0.944660705289427,0.9456778236583481,0.0020118133299750047,18,0.6847348028509275,0.6820290361139292,0.6834823632712361,0.6834154007453642,0.0011056389988493697,18,26.556339184443157,1.0190819609882533,23.997669378916424,0.20673580633718447,"{'bsl_options': {'method': 'sgd'}, 'k': 40, 'min_k': 25, 'random_state': 42, 'sim_options': {'name': 'pearson_baseline', 'min_support': 5, 'shrinkage': 0, 'user_based': True}}",{'method': 'sgd'},40,25,42,"{'name': 'pearson_baseline', 'min_support': 5, 'shrinkage': 0, 'user_based': True}"
0.9484923865056716,0.9438903726272073,0.9446691019919844,0.9456839537082877,0.002011148252277347,19,0.6847285059721313,0.682027990491341,0.6834800792252906,0.6834121918962542,0.0011035254060146797,16,25.512139956156414,0.3839726894933618,23.710047721862793,0.19817487729635966,"{'bsl_options': {'method': 'sgd'}, 'k': 35, 'min_k': 25, 'random_state': 42, 'sim_options': {'name': 'pearson_baseline', 'min_support': 5, 'shrinkage': 0, 'user_based': True}}",{'method': 'sgd'},35,25,42,"{'name': 'pearson_baseline', 'min_support': 5, 'shrinkage': 0, 'user_based': True}"
0.9485037830239202,0.9438971477174367,0.9446801788666351,0.945693703202664,0.002012576441037253,20,0.6847269872871232,0.6820285732850329,0.6834821631996141,0.68341257459059,0.0011027213194483184,17,25.758561929066975,0.4642853142589012,22.812775135040283,0.15016068577347694,"{'bsl_options': {'method': 'sgd'}, 'k': 30, 'min_k': 25, 'random_state': 42, 'sim_options': {'name': 'pearson_baseline', 'min_support': 5, 'shrinkage': 0, 'user_based': True}}",{'method': 'sgd'},30,25,42,"{'name': 'pearson_baseline', 'min_support': 5, 'shrinkage': 0, 'user_based': True}"
0.9490728764363792,0.9446431043344705,0.9452064695193664,0.946307483430072,0.001968907301421703,21,0.685647555107638,0.683019351445059,0.6843744327744645,0.6843471131090538,0.0010731335412665767,22,25.65574272473653,0.015478909808250582,22.222118536631267,0.2758996683989658,"{'bsl_options': {'method': 'sgd'}, 'k': 35, 'min_k': 20, 'random_state': 42, 'sim_options': {'name': 'pearson_baseline', 'min_support': 10, 'shrinkage': 100, 'user_based': True}}",{'method': 'sgd'},35,20,42,"{'name': 'pearson_baseline', 'min_support': 10, 'shrinkage': 100, 'user_based': True}"
0.9490745562233498,0.9446433918530494,0.9452072722399999,0.946308406772133,0.0019694631015494297,22,0.6856471370211681,0.6830141990154015,0.6843713296938579,0.6843442219101425,0.0010750633344152334,21,25.383879741032917,0.33133066760680513,22.003904183705647,0.13115752194642374,"{'bsl_options': {'method': 'sgd'}, 'k': 30, 'min_k': 20, 'random_state': 42, 'sim_options': {'name': 'pearson_baseline', 'min_support': 10, 'shrinkage': 100, 'user_based': True}}",{'method': 'sgd'},30,20,42,"{'name': 'pearson_baseline', 'min_support': 10, 'shrinkage': 100, 'user_based': True}"
0.9490766322856781,0.9446449176557705,0.945208708553687,0.9463100861650452,0.0019697373974441306,23,0.6856547358517219,0.6830223699934568,0.6843786583175726,0.6843519213875838,0.0010748251487284974,23,25.871463378270466,1.041243619952651,22.75764497121175,0.061874891510018785,"{'bsl_options': {'method': 'sgd'}, 'k': 40, 'min_k': 20, 'random_state': 42, 'sim_options': {'name': 'pearson_baseline', 'min_support': 10, 'shrinkage': 100, 'user_based': True}}",{'method': 'sgd'},40,20,42,"{'name': 'pearson_baseline', 'min_support': 10, 'shrinkage': 100, 'user_based': True}"
0.9490762273807176,0.9446450314507397,0.9452097124784874,0.9463103237699816,0.0019693286933515353,24,0.6856555953619284,0.6830222134644011,0.6843802779804703,0.6843526956022665,0.0010752505584736207,24,25.372119824091595,0.6524833729393134,23.316727081934612,0.32681199033133573,"{'bsl_options': {'method': 'sgd'}, 'k': 45, 'min_k': 20, 'random_state': 42, 'sim_options': {'name': 'pearson_baseline', 'min_support': 10, 'shrinkage': 100, 'user_based': True}}",{'method': 'sgd'},45,20,42,"{'name': 'pearson_baseline', 'min_support': 10, 'shrinkage': 100, 'user_based': True}"
0.949077760289594,0.9446448658219267,0.94521057453397,0.9463110668818303,0.001969932468579068,25,0.6856581995311787,0.6830229126693778,0.6843814119998008,0.6843541747334525,0.001076023733475472,25,26.344780921936035,0.39346848886942604,23.144026120503742,0.0938081806990792,"{'bsl_options': {'method': 'sgd'}, 'k': 50, 'min_k': 20, 'random_state': 42, 'sim_options': {'name': 'pearson_baseline', 'min_support': 10, 'shrinkage': 100, 'user_based': True}}",{'method': 'sgd'},50,20,42,"{'name': 'pearson_baseline', 'min_support': 10, 'shrinkage': 100, 'user_based': True}"
0.9491040779148416,0.9446647714993369,0.9452194713564361,0.9463294402568717,0.0019749909000019404,26,0.6857027364360136,0.6830948957245139,0.6843993723226728,0.6843990014944001,0.0010646465445627547,28,25.879620631535847,0.36799082718112935,22.495744625727337,0.08585842706062725,"{'bsl_options': {'method': 'sgd'}, 'k': 40, 'min_k': 20, 'random_state': 42, 'sim_options': {'name': 'pearson_baseline', 'min_support': 10, 'shrinkage': 0, 'user_based': True}}",{'method': 'sgd'},40,20,42,"{'name': 'pearson_baseline', 'min_support': 10, 'shrinkage': 0, 'user_based': True}"
0.9491047706815271,0.9446648739484841,0.9452195194774727,0.9463297213691613,0.0019752775214727284,27,0.6857058010979584,0.6830953734586718,0.6843999254187098,0.6844003666584467,0.0010657026667907257,29,26.03046178817749,0.47256806482323443,23.005470196406048,0.21151763701441825,"{'bsl_options': {'method': 'sgd'}, 'k': 45, 'min_k': 20, 'random_state': 42, 'sim_options': {'name': 'pearson_baseline', 'min_support': 10, 'shrinkage': 0, 'user_based': True}}",{'method': 'sgd'},45,20,42,"{'name': 'pearson_baseline', 'min_support': 10, 'shrinkage': 0, 'user_based': True}"
0.9491040026739243,0.9446657600365802,0.9452196591632845,0.946329807291263,0.001974642765417788,28,0.685701349897902,0.6830968936207195,0.6843984217214782,0.6843988884133666,0.0010632648739581504,27,24.835637013117474,0.7134657774651393,22.59763240814209,0.11181278129619501,"{'bsl_options': {'method': 'sgd'}, 'k': 35, 'min_k': 20, 'random_state': 42, 'sim_options': {'name': 'pearson_baseline', 'min_support': 10, 'shrinkage': 0, 'user_based': True}}",{'method': 'sgd'},35,20,42,"{'name': 'pearson_baseline', 'min_support': 10, 'shrinkage': 0, 'user_based': True}"
0.9491051569241493,0.9446652921532771,0.945219648346339,0.9463300324745885,0.001975316764489403,29,0.6857074476346394,0.6830960431630447,0.6844007393798338,0.6844014100591727,0.0010661015167185124,30,25.420375108718872,0.5693153070584426,23.168197234471638,0.37996383663270156,"{'bsl_options': {'method': 'sgd'}, 'k': 50, 'min_k': 20, 'random_state': 42, 'sim_options': {'name': 'pearson_baseline', 'min_support': 10, 'shrinkage': 0, 'user_based': True}}",{'method': 'sgd'},50,20,42,"{'name': 'pearson_baseline', 'min_support': 10, 'shrinkage': 0, 'user_based': True}"
0.9491023433032845,0.9446652222340878,0.9452255829618805,0.9463310494997509,0.001972908689463465,30,0.685698263605771,0.6830932238345988,0.6844031448799006,0.6843982107734234,0.0010635087560844025,26,25.329888105392456,0.3926417025556176,21.883171399434406,0.17919902753422495,"{'bsl_options': {'method': 'sgd'}, 'k': 30, 'min_k': 20, 'random_state': 42, 'sim_options': {'name': 'pearson_baseline', 'min_support': 10, 'shrinkage': 0, 'user_based': True}}",{'method': 'sgd'},30,20,42,"{'name': 'pearson_baseline', 'min_support': 10, 'shrinkage': 0, 'user_based': True}"
0.9491713538609978,0.9448220807891125,0.945366294348263,0.9464532429994578,0.001934793200182276,31,0.6858759736603562,0.6832910972987902,0.6846053099315128,0.6845907936302198,0.0010553212760096994,32,24.983740091323853,0.6326987349760718,22.23305853207906,0.17769020217013018,"{'bsl_options': {'method': 'sgd'}, 'k': 35, 'min_k': 25, 'random_state': 42, 'sim_options': {'name': 'pearson_baseline', 'min_support': 10, 'shrinkage': 100, 'user_based': True}}",{'method': 'sgd'},35,25,42,"{'name': 'pearson_baseline', 'min_support': 10, 'shrinkage': 100, 'user_based': True}"
0.9491730334736895,0.9448223682532273,0.9453670969331877,0.9464541662200349,0.0019353486664233125,32,0.6858755555738865,0.6832859448691327,0.6846022068509067,0.6845879024313085,0.0010572525282885484,31,24.903664350509644,0.5146068671740487,21.80298900604248,0.13678261406371456,"{'bsl_options': {'method': 'sgd'}, 'k': 30, 'min_k': 25, 'random_state': 42, 'sim_options': {'name': 'pearson_baseline', 'min_support': 10, 'shrinkage': 100, 'user_based': True}}",{'method': 'sgd'},30,25,42,"{'name': 'pearson_baseline', 'min_support': 10, 'shrinkage': 100, 'user_based': True}"
0.9491751093206252,0.9448238937669181,0.9453685330040504,0.9464558453638645,0.0019356231252595126,33,0.6858831544044401,0.6832941158471881,0.684609535474621,0.6845956019087498,0.001057016483923125,33,26.099997997283936,0.25835314890985134,22.48524244626363,0.21465947356185125,"{'bsl_options': {'method': 'sgd'}, 'k': 40, 'min_k': 25, 'random_state': 42, 'sim_options': {'name': 'pearson_baseline', 'min_support': 10, 'shrinkage': 100, 'user_based': True}}",{'method': 'sgd'},40,25,42,"{'name': 'pearson_baseline', 'min_support': 10, 'shrinkage': 100, 'user_based': True}"
0.9491747044576738,0.9448240075403314,0.9453695367591272,0.9464560829190442,0.0019352136548481359,34,0.6858840139146469,0.6832939593181324,0.6846111551375189,0.6845963761234328,0.0010574370013305783,34,25.820975303649902,0.4899913049939791,23.099952936172485,0.08589279943904278,"{'bsl_options': {'method': 'sgd'}, 'k': 45, 'min_k': 25, 'random_state': 42, 'sim_options': {'name': 'pearson_baseline', 'min_support': 10, 'shrinkage': 100, 'user_based': True}}",{'method': 'sgd'},45,25,42,"{'name': 'pearson_baseline', 'min_support': 10, 'shrinkage': 100, 'user_based': True}"
0.9491762372075109,0.9448238419428928,0.9453703986688705,0.946456825939758,0.0019358166745267243,35,0.685886618083897,0.6832946585231092,0.6846122891568497,0.6845978552546187,0.0010582122800081083,35,24.143367290496826,1.4937837598699255,20.746278603871662,0.816548390724684,"{'bsl_options': {'method': 'sgd'}, 'k': 50, 'min_k': 25, 'random_state': 42, 'sim_options': {'name': 'pearson_baseline', 'min_support': 10, 'shrinkage': 100, 'user_based': True}}",{'method': 'sgd'},50,25,42,"{'name': 'pearson_baseline', 'min_support': 10, 'shrinkage': 100, 'user_based': True}"
0.9492099301567729,0.9448515427139109,0.94537809022085,0.9464798543638446,0.0019423865810930978,36,0.685922146477459,0.6833537796737524,0.6846420594128082,0.6846393285213398,0.0010485331350420257,38,25.423637708028156,0.339669356128006,22.61256019274394,0.17262376494046758,"{'bsl_options': {'method': 'sgd'}, 'k': 40, 'min_k': 25, 'random_state': 42, 'sim_options': {'name': 'pearson_baseline', 'min_support': 10, 'shrinkage': 0, 'user_based': True}}",{'method': 'sgd'},40,25,42,"{'name': 'pearson_baseline', 'min_support': 10, 'shrinkage': 0, 'user_based': True}"
0.9492106228462039,0.9448516451428067,0.9453781383338125,0.946480135440941,0.0019426733938516007,37,0.6859252111394036,0.6833542574079104,0.684642612508845,0.6846406936853864,0.0010495883427268946,39,26.354981978734333,0.5199987445764237,22.98456660906474,0.22230507819871118,"{'bsl_options': {'method': 'sgd'}, 'k': 45, 'min_k': 25, 'random_state': 42, 'sim_options': {'name': 'pearson_baseline', 'min_support': 10, 'shrinkage': 0, 'user_based': True}}",{'method': 'sgd'},45,25,42,"{'name': 'pearson_baseline', 'min_support': 10, 'shrinkage': 0, 'user_based': True}"
0.949209854924246,0.9448525310557476,0.9453782779961873,0.9464802213253937,0.001942039675072443,38,0.6859207599393471,0.6833557775699579,0.6846411088116134,0.6846392154403061,0.0010471505232329344,37,25.51499843597412,0.37251075652697646,22.12435785929362,0.10351292933304071,"{'bsl_options': {'method': 'sgd'}, 'k': 35, 'min_k': 25, 'random_state': 42, 'sim_options': {'name': 'pearson_baseline', 'min_support': 10, 'shrinkage': 0, 'user_based': True}}",{'method': 'sgd'},35,25,42,"{'name': 'pearson_baseline', 'min_support': 10, 'shrinkage': 0, 'user_based': True}"
0.9492110090457538,0.9448520632649323,0.945378267181057,0.9464804464972477,0.0019427131395404076,39,0.6859268576760846,0.6833549271122833,0.6846434264699691,0.6846417370861123,0.0010499869354003823,40,26.22550360361735,0.3374444398638448,22.93302575747172,0.41709095589737194,"{'bsl_options': {'method': 'sgd'}, 'k': 50, 'min_k': 25, 'random_state': 42, 'sim_options': {'name': 'pearson_baseline', 'min_support': 10, 'shrinkage': 0, 'user_based': True}}",{'method': 'sgd'},50,25,42,"{'name': 'pearson_baseline', 'min_support': 10, 'shrinkage': 0, 'user_based': True}"
0.9492081957386534,0.9448519933595639,0.9453842008008747,0.9464814632996973,0.0019402943995500937,40,0.6859176736472158,0.6833521077838375,0.684645831970036,0.6846385378003631,0.0010474005771484727,36,25.606565475463867,0.12975630134396002,21.79691990216573,0.11196464288694344,"{'bsl_options': {'method': 'sgd'}, 'k': 30, 'min_k': 25, 'random_state': 42, 'sim_options': {'name': 'pearson_baseline', 'min_support': 10, 'shrinkage': 0, 'user_based': True}}",{'method': 'sgd'},30,25,42,"{'name': 'pearson_baseline', 'min_support': 10, 'shrinkage': 0, 'user_based': True}"
0.960670111473564,0.9554675046879223,0.9563678522995421,0.9575018228203428,0.002270271084846457,41,0.7158289257124705,0.7125524716378566,0.7140298323900295,0.7141370765801188,0.0013397546573892744,42,26.64690025647481,0.44300856460736343,23.95917797088623,0.2623387907633033,"{'bsl_options': {'method': 'als'}, 'k': 35, 'min_k': 20, 'random_state': 42, 'sim_options': {'name': 'pearson_baseline', 'min_support': 5, 'shrinkage': 100, 'user_based': True}}",{'method': 'als'},35,20,42,"{'name': 'pearson_baseline', 'min_support': 5, 'shrinkage': 100, 'user_based': True}"
0.9606755765077625,0.9554674504716638,0.9563666262891052,0.9575032177561771,0.002273033849907476,42,0.7158445891192299,0.7125627895134561,0.7140384634288083,0.7141486140204981,0.001342051173329211,43,25.58652130762736,0.31923348909700616,23.701356728871662,0.12425532043258727,"{'bsl_options': {'method': 'als'}, 'k': 40, 'min_k': 20, 'random_state': 42, 'sim_options': {'name': 'pearson_baseline', 'min_support': 5, 'shrinkage': 100, 'user_based': True}}",{'method': 'als'},40,20,42,"{'name': 'pearson_baseline', 'min_support': 5, 'shrinkage': 100, 'user_based': True}"
0.9606802302259793,0.955472450085009,0.9563684311151268,0.9575070371420384,0.0022734058535686733,43,0.7158586824408065,0.7125740070989584,0.7140466699897192,0.714159786509828,0.001343346452130525,44,24.731969277064007,0.6874217778961664,24.33886782328288,0.1979749692065455,"{'bsl_options': {'method': 'als'}, 'k': 45, 'min_k': 20, 'random_state': 42, 'sim_options': {'name': 'pearson_baseline', 'min_support': 5, 'shrinkage': 100, 'user_based': True}}",{'method': 'als'},45,20,42,"{'name': 'pearson_baseline', 'min_support': 5, 'shrinkage': 100, 'user_based': True}"
0.9606814782530422,0.9554695044821342,0.9563712428620145,0.9575074085323969,0.0022743969120149845,44,0.7158231993965943,0.7125378713685481,0.7140137305654082,0.7141249337768502,0.0013435325771122564,41,33.12739682197571,5.432741650794722,24.044588406880695,0.22753755604563536,"{'bsl_options': {'method': 'als'}, 'k': 30, 'min_k': 20, 'random_state': 42, 'sim_options': {'name': 'pearson_baseline', 'min_support': 5, 'shrinkage': 100, 'user_based': True}}",{'method': 'als'},30,20,42,"{'name': 'pearson_baseline', 'min_support': 5, 'shrinkage': 100, 'user_based': True}"
0.960684287365089,0.9554761249145075,0.9563729623181855,0.9575111248659273,0.002273440786813907,45,0.7158670979739221,0.7125821538692663,0.7140574550888333,0.714168902310674,0.0013433862202460105,45,24.820584217707317,0.8264448700500923,24.462310791015625,0.23202335129255353,"{'bsl_options': {'method': 'als'}, 'k': 50, 'min_k': 20, 'random_state': 42, 'sim_options': {'name': 'pearson_baseline', 'min_support': 5, 'shrinkage': 100, 'user_based': True}}",{'method': 'als'},50,20,42,"{'name': 'pearson_baseline', 'min_support': 5, 'shrinkage': 100, 'user_based': True}"
0.9606693786296093,0.9555517784518227,0.9564206996997664,0.9575472855937329,0.002235971783853497,46,0.7160420511396797,0.7128238549167208,0.71426126491202,0.7143757236561402,0.0013163136240895844,50,24.68701434135437,0.8328018123607998,24.50599471728007,0.27826229258862545,"{'bsl_options': {'method': 'als'}, 'k': 50, 'min_k': 20, 'random_state': 42, 'sim_options': {'name': 'pearson_baseline', 'min_support': 5, 'shrinkage': 0, 'user_based': True}}",{'method': 'als'},50,20,42,"{'name': 'pearson_baseline', 'min_support': 5, 'shrinkage': 0, 'user_based': True}"
0.9606732969393844,0.9555510912902887,0.9564206315914179,0.9575483399403636,0.0022380113595360396,47,0.7160349952514341,0.7128149548549243,0.7142501946933596,0.7143667149332393,0.001317155461215564,48,25.281423886617024,1.2608514077585964,23.969573259353638,0.2039129296748647,"{'bsl_options': {'method': 'als'}, 'k': 40, 'min_k': 20, 'random_state': 42, 'sim_options': {'name': 'pearson_baseline', 'min_support': 5, 'shrinkage': 0, 'user_based': True}}",{'method': 'als'},40,20,42,"{'name': 'pearson_baseline', 'min_support': 5, 'shrinkage': 0, 'user_based': True}"
0.9606696882883674,0.9555540646036436,0.956422775809417,0.957548842900476,0.002235087133439678,48,0.7160389967145167,0.7128215600121057,0.7142611039203163,0.714373886882313,0.0013159317943046461,49,25.683155298233032,0.16060830693904768,24.186971346537273,0.1960381445440961,"{'bsl_options': {'method': 'als'}, 'k': 45, 'min_k': 20, 'random_state': 42, 'sim_options': {'name': 'pearson_baseline', 'min_support': 5, 'shrinkage': 0, 'user_based': True}}",{'method': 'als'},45,20,42,"{'name': 'pearson_baseline', 'min_support': 5, 'shrinkage': 0, 'user_based': True}"
0.9606756289820774,0.9555519205791637,0.9564310722527339,0.9575528739379916,0.0022371002384496638,49,0.7160302196927929,0.7128051244318766,0.7142531774619886,0.714362840528886,0.0013189211125454545,47,25.67142113049825,1.326872237378817,24.235113700230915,0.38311261902368976,"{'bsl_options': {'method': 'als'}, 'k': 35, 'min_k': 20, 'random_state': 42, 'sim_options': {'name': 'pearson_baseline', 'min_support': 5, 'shrinkage': 0, 'user_based': True}}",{'method': 'als'},35,20,42,"{'name': 'pearson_baseline', 'min_support': 5, 'shrinkage': 0, 'user_based': True}"
0.9606780577407354,0.9555610391571836,0.9564467581031036,0.9575619516670075,0.0022328923410132252,50,0.7160193387518401,0.7128013672289912,0.7142654689501299,0.7143620583103204,0.0013155055577845516,46,31.843717972437542,2.6485175378715877,23.762795368830364,0.08905079255059435,"{'bsl_options': {'method': 'als'}, 'k': 30, 'min_k': 20, 'random_state': 42, 'sim_options': {'name': 'pearson_baseline', 'min_support': 5, 'shrinkage': 0, 'user_based': True}}",{'method': 'als'},30,20,42,"{'name': 'pearson_baseline', 'min_support': 5, 'shrinkage': 0, 'user_based': True}"
0.9610102890789043,0.955930446458666,0.9566290775773274,0.9578566043716327,0.0022481572875950673,51,0.7164879633091146,0.7132421607083846,0.714629326486143,0.714786483501214,0.0013297449319990748,52,24.77052076657613,1.0190396980968437,23.618599732716877,0.3222089693055757,"{'bsl_options': {'method': 'als'}, 'k': 35, 'min_k': 25, 'random_state': 42, 'sim_options': {'name': 'pearson_baseline', 'min_support': 5, 'shrinkage': 100, 'user_based': True}}",{'method': 'als'},35,25,42,"{'name': 'pearson_baseline', 'min_support': 5, 'shrinkage': 100, 'user_based': True}"
0.9610157521786054,0.9559303922686638,0.956627851901676,0.9578579987829817,0.002250950520054404,52,0.7165036267158739,0.7132524785839838,0.7146379575249217,0.7147980209415931,0.0013320926561593504,53,25.184862852096558,1.2474654415556614,24.421605825424194,0.2928136727861129,"{'bsl_options': {'method': 'als'}, 'k': 40, 'min_k': 25, 'random_state': 42, 'sim_options': {'name': 'pearson_baseline', 'min_support': 5, 'shrinkage': 100, 'user_based': True}}",{'method': 'als'},40,25,42,"{'name': 'pearson_baseline', 'min_support': 5, 'shrinkage': 100, 'user_based': True}"
0.96102040424953,0.9559353894607888,0.9566296562348561,0.9578618166483915,0.0022513711842552077,53,0.7165177200374505,0.7132636961694859,0.7146461640858329,0.7148091934309231,0.0013334421019404884,54,25.558303594589233,0.19682081502070317,24.31931781768799,0.2224347254772622,"{'bsl_options': {'method': 'als'}, 'k': 45, 'min_k': 25, 'random_state': 42, 'sim_options': {'name': 'pearson_baseline', 'min_support': 5, 'shrinkage': 100, 'user_based': True}}",{'method': 'als'},45,25,42,"{'name': 'pearson_baseline', 'min_support': 5, 'shrinkage': 100, 'user_based': True}"
0.9610216518348274,0.9559324452844117,0.956632467213947,0.9578621881110619,0.0022522826853068325,54,0.7164822369932382,0.7132275604390758,0.7146132246615216,0.7147743406979451,0.0013335913044478392,51,25.800867478052776,0.886656658347367,24.808791557947796,0.1583421846386517,"{'bsl_options': {'method': 'als'}, 'k': 30, 'min_k': 25, 'random_state': 42, 'sim_options': {'name': 'pearson_baseline', 'min_support': 5, 'shrinkage': 100, 'user_based': True}}",{'method': 'als'},30,25,42,"{'name': 'pearson_baseline', 'min_support': 5, 'shrinkage': 100, 'user_based': True}"
0.9610244599525334,0.9559390625106515,0.9566341862005932,0.9578659028879261,0.0022513938325498606,55,0.716526135570566,0.7132718429397942,0.7146569491849466,0.7148183092317689,0.0013334498941234632,55,24.91829713185628,1.1111488599952113,24.774568398793537,0.5579345352353707,"{'bsl_options': {'method': 'als'}, 'k': 50, 'min_k': 25, 'random_state': 42, 'sim_options': {'name': 'pearson_baseline', 'min_support': 5, 'shrinkage': 100, 'user_based': True}}",{'method': 'als'},50,25,42,"{'name': 'pearson_baseline', 'min_support': 5, 'shrinkage': 100, 'user_based': True}"
0.9610233119553919,0.9560129143955636,0.9566867435056899,0.9579076566188819,0.0022202090816491995,56,0.7166646866098033,0.7134789945103571,0.7148022309002575,0.7149819706734727,0.0013067487204700174,60,25.436455488204956,0.10390598538766573,24.283601601918537,0.24185494444829672,"{'bsl_options': {'method': 'als'}, 'k': 50, 'min_k': 25, 'random_state': 42, 'sim_options': {'name': 'pearson_baseline', 'min_support': 5, 'shrinkage': 0, 'user_based': True}}",{'method': 'als'},50,25,42,"{'name': 'pearson_baseline', 'min_support': 5, 'shrinkage': 0, 'user_based': True}"
0.9610272288221066,0.9560122275654847,0.9566866754162814,0.9579087106012909,0.0022222491453526235,57,0.7166576307215576,0.7134700944485609,0.7147911606815975,0.714972961950572,0.001307640533930743,58,24.84113097190857,0.9160956499713733,24.096357425053913,0.2497700992922683,"{'bsl_options': {'method': 'als'}, 'k': 40, 'min_k': 25, 'random_state': 42, 'sim_options': {'name': 'pearson_baseline', 'min_support': 5, 'shrinkage': 0, 'user_based': True}}",{'method': 'als'},40,25,42,"{'name': 'pearson_baseline', 'min_support': 5, 'shrinkage': 0, 'user_based': True}"
0.9610236215001063,0.9560151994446542,0.9566888190379985,0.9579092133275863,0.0022193234010885444,58,0.7166616321846399,0.7134766996057427,0.7148020699085542,0.7149801338996457,0.0013063253733846204,59,24.97789986928304,0.8909895330299687,24.475282112757366,0.1711332357641105,"{'bsl_options': {'method': 'als'}, 'k': 45, 'min_k': 25, 'random_state': 42, 'sim_options': {'name': 'pearson_baseline', 'min_support': 5, 'shrinkage': 0, 'user_based': True}}",{'method': 'als'},45,25,42,"{'name': 'pearson_baseline', 'min_support': 5, 'shrinkage': 0, 'user_based': True}"
0.9610295600059453,0.956013056454349,0.9566971131741979,0.9579132432114973,0.002221194299096948,59,0.7166528551629165,0.7134602640255132,0.7147941434502261,0.7149690875462186,0.0013092271563021603,57,25.600200414657593,0.2525515581049599,23.240373134613037,0.06817999802466418,"{'bsl_options': {'method': 'als'}, 'k': 35, 'min_k': 25, 'random_state': 42, 'sim_options': {'name': 'pearson_baseline', 'min_support': 5, 'shrinkage': 0, 'user_based': True}}",{'method': 'als'},35,25,42,"{'name': 'pearson_baseline', 'min_support': 5, 'shrinkage': 0, 'user_based': True}"
0.9610319878701347,0.9560221706340362,0.9567127946626757,0.9579223177222822,0.0022168711748118187,60,0.7166419742219636,0.713456506822628,0.7148064349383676,0.7149683053276531,0.001305488964654793,56,27.72925813992818,0.13325756950562773,23.484182755152386,0.14481136895496885,"{'bsl_options': {'method': 'als'}, 'k': 30, 'min_k': 25, 'random_state': 42, 'sim_options': {'name': 'pearson_baseline', 'min_support': 5, 'shrinkage': 0, 'user_based': True}}",{'method': 'als'},30,25,42,"{'name': 'pearson_baseline', 'min_support': 5, 'shrinkage': 0, 'user_based': True}"
0.9616640834701249,0.9568032295377488,0.9572598101159979,0.9585757077079572,0.0021917519768999486,61,0.7176990725480797,0.7145873257419268,0.7158100735794235,0.7160321572898102,0.0012800346159941584,61,26.606554826100666,1.5971106463138998,22.490615765253704,0.546877348245915,"{'bsl_options': {'method': 'als'}, 'k': 30, 'min_k': 20, 'random_state': 42, 'sim_options': {'name': 'pearson_baseline', 'min_support': 10, 'shrinkage': 100, 'user_based': True}}",{'method': 'als'},30,20,42,"{'name': 'pearson_baseline', 'min_support': 10, 'shrinkage': 100, 'user_based': True}"
0.9616654154646175,0.9568062745410056,0.9572596540099211,0.958577114671848,0.0021915884004793796,62,0.7177028364177572,0.7145947273163293,0.7158141266201583,0.7160372301180816,0.00127864952839156,62,24.84209092458089,1.142316191810156,22.826348622639973,0.13023575876038362,"{'bsl_options': {'method': 'als'}, 'k': 35, 'min_k': 20, 'random_state': 42, 'sim_options': {'name': 'pearson_baseline', 'min_support': 10, 'shrinkage': 100, 'user_based': True}}",{'method': 'als'},35,20,42,"{'name': 'pearson_baseline', 'min_support': 10, 'shrinkage': 100, 'user_based': True}"
0.9616694026876634,0.956806357685534,0.9572615090117805,0.9585790897949926,0.0021930672604674626,63,0.717711648250176,0.7145964439109801,0.7158202113508265,0.7160427678373275,0.0012814765080429579,64,24.901983896891277,0.7462622858648622,22.974441687266033,0.28658487513881065,"{'bsl_options': {'method': 'als'}, 'k': 45, 'min_k': 20, 'random_state': 42, 'sim_options': {'name': 'pearson_baseline', 'min_support': 10, 'shrinkage': 100, 'user_based': True}}",{'method': 'als'},45,20,42,"{'name': 'pearson_baseline', 'min_support': 10, 'shrinkage': 100, 'user_based': True}"
0.9616686860596386,0.9568080581516387,0.9572614921421179,0.9585794121177984,0.0021922759424443236,64,0.7177092644307235,0.714598078029304,0.7158192248851173,0.7160421891150482,0.0012798841072445915,63,25.680460214614868,0.08317962346406664,22.425487756729126,0.21081036914408363,"{'bsl_options': {'method': 'als'}, 'k': 40, 'min_k': 20, 'random_state': 42, 'sim_options': {'name': 'pearson_baseline', 'min_support': 10, 'shrinkage': 100, 'user_based': True}}",{'method': 'als'},40,20,42,"{'name': 'pearson_baseline', 'min_support': 10, 'shrinkage': 100, 'user_based': True}"
0.96167052185668,0.9568072573871691,0.9572631319190643,0.9585803037209711,0.002193025534416727,65,0.7177143847893221,0.7145976811234247,0.7158220340828336,0.7160446999985268,0.0012820934749497958,65,23.625144561131794,0.6410482769408993,23.031495332717896,0.27920961532919003,"{'bsl_options': {'method': 'als'}, 'k': 50, 'min_k': 20, 'random_state': 42, 'sim_options': {'name': 'pearson_baseline', 'min_support': 10, 'shrinkage': 100, 'user_based': True}}",{'method': 'als'},50,20,42,"{'name': 'pearson_baseline', 'min_support': 10, 'shrinkage': 100, 'user_based': True}"
0.9616901116531098,0.9568213417164592,0.9572770535934155,0.9585961689876615,0.0021956440575999253,66,0.7177546378136885,0.7146643022473393,0.7158504507272756,0.7160897969294345,0.0012729253530160637,66,27.73700825373332,0.21219286632622167,22.291371027628582,0.2792864232258725,"{'bsl_options': {'method': 'als'}, 'k': 30, 'min_k': 20, 'random_state': 42, 'sim_options': {'name': 'pearson_baseline', 'min_support': 10, 'shrinkage': 0, 'user_based': True}}",{'method': 'als'},30,20,42,"{'name': 'pearson_baseline', 'min_support': 10, 'shrinkage': 0, 'user_based': True}"
0.9616927853875435,0.9568223569354884,0.9572734871595546,0.9585962098275288,0.002197341540578317,67,0.7177589086705644,0.7146672464935092,0.715848430660737,0.7160915286082702,0.0012738174158356903,67,24.977182785669964,0.8704950509511592,22.736961364746094,0.07884734227217118,"{'bsl_options': {'method': 'als'}, 'k': 35, 'min_k': 20, 'random_state': 42, 'sim_options': {'name': 'pearson_baseline', 'min_support': 10, 'shrinkage': 0, 'user_based': True}}",{'method': 'als'},35,20,42,"{'name': 'pearson_baseline', 'min_support': 10, 'shrinkage': 0, 'user_based': True}"
0.9616946187126352,0.9568222278162166,0.9572728519373664,0.9585965661554061,0.002198364962141306,68,0.7177619651360628,0.7146673008450585,0.7158479219577095,0.7160923959796103,0.0012751633696753322,68,24.138146718343098,1.1068406634389047,22.90099636713664,0.43575653720296487,"{'bsl_options': {'method': 'als'}, 'k': 40, 'min_k': 20, 'random_state': 42, 'sim_options': {'name': 'pearson_baseline', 'min_support': 10, 'shrinkage': 0, 'user_based': True}}",{'method': 'als'},40,20,42,"{'name': 'pearson_baseline', 'min_support': 10, 'shrinkage': 0, 'user_based': True}"
0.9616947180388515,0.9568225649074151,0.9572732881816469,0.9585968570426379,0.0021982333711991005,69,0.7177643144250382,0.7146673912846073,0.715848966387755,0.7160935573658002,0.0012760882399844367,69,24.85609308878581,0.5668837707002025,22.85842752456665,0.22951437351014684,"{'bsl_options': {'method': 'als'}, 'k': 45, 'min_k': 20, 'random_state': 42, 'sim_options': {'name': 'pearson_baseline', 'min_support': 10, 'shrinkage': 0, 'user_based': True}}",{'method': 'als'},45,20,42,"{'name': 'pearson_baseline', 'min_support': 10, 'shrinkage': 0, 'user_based': True}"
0.961696100335286,0.9568236853411646,0.957274988354993,0.9585982580104812,0.0021982400391504942,70,0.7177659990374471,0.7146689401703088,0.7158511726071237,0.7160953706049599,0.0012761055085011236,70,24.73150936762492,0.4199015498905413,23.091809511184692,0.2480283643932304,"{'bsl_options': {'method': 'als'}, 'k': 50, 'min_k': 20, 'random_state': 42, 'sim_options': {'name': 'pearson_baseline', 'min_support': 10, 'shrinkage': 0, 'user_based': True}}",{'method': 'als'},50,20,42,"{'name': 'pearson_baseline', 'min_support': 10, 'shrinkage': 0, 'user_based': True}"
0.9617947868352301,0.9569869123624487,0.9574382973946749,0.958739998864118,0.0021679074816003813,71,0.7179415641482803,0.7148623219689456,0.7160600434981629,0.7162879765384629,0.0012673852881408241,71,26.556869109471638,0.12438945337771869,22.40816656748454,0.08654039379177338,"{'bsl_options': {'method': 'als'}, 'k': 30, 'min_k': 25, 'random_state': 42, 'sim_options': {'name': 'pearson_baseline', 'min_support': 10, 'shrinkage': 100, 'user_based': True}}",{'method': 'als'},30,25,42,"{'name': 'pearson_baseline', 'min_support': 10, 'shrinkage': 100, 'user_based': True}"
0.9617961186487114,0.9569899567812532,0.9574381413176998,0.9587414055825548,0.0021677440319509385,72,0.7179453280179576,0.7148697235433479,0.7160640965388978,0.7162930493667344,0.0012660042835869274,72,24.535151481628418,1.0738581172459671,22.551244099934895,0.3075887285739734,"{'bsl_options': {'method': 'als'}, 'k': 35, 'min_k': 25, 'random_state': 42, 'sim_options': {'name': 'pearson_baseline', 'min_support': 10, 'shrinkage': 100, 'user_based': True}}",{'method': 'als'},35,25,42,"{'name': 'pearson_baseline', 'min_support': 10, 'shrinkage': 100, 'user_based': True}"
0.9618001053299161,0.9569900399098232,0.9574399959737468,0.9587433804044955,0.0021692226821500844,73,0.7179541398503764,0.7148714401379986,0.7160701812695663,0.7162985870859804,0.001268827882181632,74,24.777518669764202,0.5096003655822479,22.73161776860555,0.1495554068881425,"{'bsl_options': {'method': 'als'}, 'k': 45, 'min_k': 25, 'random_state': 42, 'sim_options': {'name': 'pearson_baseline', 'min_support': 10, 'shrinkage': 100, 'user_based': True}}",{'method': 'als'},45,25,42,"{'name': 'pearson_baseline', 'min_support': 10, 'shrinkage': 100, 'user_based': True}"
0.9617993887992766,0.9569917400495452,0.9574399791072293,0.9587437026520171,0.0021684315277982,74,0.7179517560309239,0.7148730742563228,0.716069194803857,0.7162980083637013,0.0012672377049292604,73,24.326231241226196,0.8524530674766031,22.64448006947835,0.27598300825294597,"{'bsl_options': {'method': 'als'}, 'k': 40, 'min_k': 25, 'random_state': 42, 'sim_options': {'name': 'pearson_baseline', 'min_support': 10, 'shrinkage': 100, 'user_based': True}}",{'method': 'als'},40,25,42,"{'name': 'pearson_baseline', 'min_support': 10, 'shrinkage': 100, 'user_based': True}"
0.9618012243468448,0.9569909394387717,0.9574416185784873,0.9587445941213679,0.00216918097803722,75,0.717956876389523,0.7148726773504434,0.7160720040015732,0.7163005192471799,0.001269444850126998,75,24.373288075129192,0.632542443430894,23.042843023935955,0.11931856547226945,"{'bsl_options': {'method': 'als'}, 'k': 50, 'min_k': 25, 'random_state': 42, 'sim_options': {'name': 'pearson_baseline', 'min_support': 10, 'shrinkage': 100, 'user_based': True}}",{'method': 'als'},50,25,42,"{'name': 'pearson_baseline', 'min_support': 10, 'shrinkage': 100, 'user_based': True}"
0.9618297748874337,0.9570052004736167,0.9574560950689354,0.9587636901433286,0.002175849753934847,76,0.7179938390498816,0.7149154127483099,0.7161074564312288,0.7163389027431402,0.001267373312544494,76,25.564845244089764,1.4215206861802454,22.991318146387737,0.1404811756166925,"{'bsl_options': {'method': 'als'}, 'k': 30, 'min_k': 25, 'random_state': 42, 'sim_options': {'name': 'pearson_baseline', 'min_support': 10, 'shrinkage': 0, 'user_based': True}}",{'method': 'als'},30,25,42,"{'name': 'pearson_baseline', 'min_support': 10, 'shrinkage': 0, 'user_based': True}"
0.9618324482336268,0.9570062154976037,0.9574525293019897,0.9587637310110734,0.0021775472512276053,77,0.7179981099067567,0.7149183569944797,0.7161054363646903,0.7163406344219756,0.0012682555196759536,77,25.3959006468455,0.28357334007580326,22.211301565170288,0.09245773800900556,"{'bsl_options': {'method': 'als'}, 'k': 35, 'min_k': 25, 'random_state': 42, 'sim_options': {'name': 'pearson_baseline', 'min_support': 10, 'shrinkage': 0, 'user_based': True}}",{'method': 'als'},35,25,42,"{'name': 'pearson_baseline', 'min_support': 10, 'shrinkage': 0, 'user_based': True}"
0.9618342812925113,0.9570060864031376,0.9574518941985872,0.9587640872980788,0.0021785705589075755,78,0.7180011663722558,0.714918411346029,0.7161049276616624,0.7163415017933158,0.0012695983952303604,78,25.27156925201416,0.23928413113843752,22.645783106486004,0.1283000980475989,"{'bsl_options': {'method': 'als'}, 'k': 40, 'min_k': 25, 'random_state': 42, 'sim_options': {'name': 'pearson_baseline', 'min_support': 10, 'shrinkage': 0, 'user_based': True}}",{'method': 'als'},40,25,42,"{'name': 'pearson_baseline', 'min_support': 10, 'shrinkage': 0, 'user_based': True}"
0.9618343806043049,0.9570064234295748,0.9574523303612905,0.9587643781317233,0.002178438987620961,79,0.7180035156612314,0.7149185017855778,0.7161059720917081,0.7163426631795059,0.0012705234240333106,79,24.230690002441406,0.4314347696892462,23.047818660736084,0.09771148454440401,"{'bsl_options': {'method': 'als'}, 'k': 45, 'min_k': 25, 'random_state': 42, 'sim_options': {'name': 'pearson_baseline', 'min_support': 10, 'shrinkage': 0, 'user_based': True}}",{'method': 'als'},45,25,42,"{'name': 'pearson_baseline', 'min_support': 10, 'shrinkage': 0, 'user_based': True}"
0.9618357627000239,0.9570075436480686,0.9574540302167073,0.9587657788549332,0.0021784456493613106,80,0.7180052002736402,0.7149200506712795,0.7161081783110769,0.7163444764186656,0.0012705417778711896,80,24.340978781382244,1.0147662494908383,23.067858298619587,0.13408654289898153,"{'bsl_options': {'method': 'als'}, 'k': 50, 'min_k': 25, 'random_state': 42, 'sim_options': {'name': 'pearson_baseline', 'min_support': 10, 'shrinkage': 0, 'user_based': True}}",{'method': 'als'},50,25,42,"{'name': 'pearson_baseline', 'min_support': 10, 'shrinkage': 0, 'user_based': True}"
